{
  "timestamp": "2026-06-15T03-09-23",
  "results": {
    "GET /health": 87586.33,
    "GET /": 89979.18,
    "GET /json": 82602.6,
    "GET /users/123": 86569.82,
    "POST /items": 47866.8,
    "GET /status201": 75879.12
  },
  "detailed": {
    "GET /health": {
      "requests_per_second": 87586.33,
      "latency_avg_ms": 0.21237999999999999,
      "latency_p99_ms": 0.95
    },
    "GET /": {
      "requests_per_second": 89979.18,
      "latency_avg_ms": 0.23623,
      "latency_p99_ms": 0.792
    },
    "GET /json": {
      "requests_per_second": 82602.6,
      "latency_avg_ms": 0.21622999999999998,
      "latency_p99_ms": 0.677
    },
    "GET /users/123": {
      "requests_per_second": 86569.82,
      "latency_avg_ms": 0.27508,
      "latency_p99_ms": 0.625
    },
    "POST /items": {
      "requests_per_second": 47866.8,
      "latency_avg_ms": 0.51362,
      "latency_p99_ms": 1.19
    },
    "GET /status201": {
      "requests_per_second": 75879.12,
      "latency_avg_ms": 0.23244,
      "latency_p99_ms": 0.838
    }
  },
  "commit": "27b3421321984204f2b55011d26804c29a49b3c3",
  "runner": "ci-main",
  "os": "ubuntu-latest",
  "vcpus": "2",
  "duration": 10,
  "threads": 4,
  "connections": 100,
  "workers": 24
}